Institute ID,Name,City,State,Score,Rank,Stream,Library_2022-23,Library_2021-22,Library_2020-21,New Equipment for Laboratories_2022-23,New Equipment for Laboratories_2021-22,New Equipment for Laboratories_2020-21,Engineering Workshops_2022-23,Engineering Workshops_2021-22,Engineering Workshops_2020-21,Studios_2022-23,Studios_2021-22,Studios_2020-21,Other expenditure on creation of Capital Assets (excluding expenditure on Land and Building)_2022-23,Other expenditure on creation of Capital Assets (excluding expenditure on Land and Building)_2021-22,Other expenditure on creation of Capital Assets (excluding expenditure on Land and Building)_2020-21,Salaries (Teaching and Non Teaching staff)_2022-23,Salaries (Teaching and Non Teaching staff)_2021-22,Salaries (Teaching and Non Teaching staff)_2020-21,"Maintenance of Academic Infrastructure or consumables and other running expenditures(excluding maintenance of hostels and allied services,rent of the building, depreciation cost, etc)_2022-23","Maintenance of Academic Infrastructure or consumables and other running expenditures(excluding maintenance of hostels and allied services,rent of the building, depreciation cost, etc)_2021-22","Maintenance of Academic Infrastructure or consumables and other running expenditures(excluding maintenance of hostels and allied services,rent of the building, depreciation cost, etc)_2020-21",Seminars/Conferences/Workshops_2022-23,Seminars/Conferences/Workshops_2021-22,Seminars/Conferences/Workshops_2020-21,Total Male UG,Total Female UG,Total Male PG,Total Female PG,Total Strength UG,Total Strength PG,Total Same State Strength UG,Total Same State Strength PG,Total Different State Strength UG,Total Different State Strength PG,Total Different Country Strength UG,Total Different Country Strength PG,Total Economically Backward Strength UG,Total Economically Backward Strength PG,Total Socially Challenged Strength UG,Total Socially Challenged Strength PG,Total Tuition Fee Reimbursed from govt UG,Total Tuition Fee Reimbursed from govt PG,Total Tuition Fee Reimbursed from Institute Funds UG,Total Tuition Fee Reimbursed from Institute Funds PG,Total Tuition Fee Reimbursed from Private Bodies UG,Total Tuition Fee Reimbursed from Private Bodies PG,Students who are not receiving full tuition fee reimbursement UG,Students who are not receiving full tuition fee reimbursement PG
IR-O-U-0456,Indian Institute of Technology Madras,Chennai,Tamil Nadu,86.42,1,Overall,191765768,232093405,223423554,5114315121,4475051053,1473301948,35946386,16830244,4717584,7825561,53944831,36332014,850240751,1066955804,59378253,5424786320,6565874098.0,5622264643.0,8669739543.0,7557097089.0,4595605367.0,151561504.0,108400586.0,110595144.0,3940,969,1812,402,4909,2214,950,294,3957,1865,2,55,580,729,2499,1043,258,25,2367,1544,387,138,67,65
IR-O-U-0220,"Indian Institute of Science, Bengaluru",Bengaluru,Karnataka,83.28,2,Overall,202533939,338527338,162497776,1299078359,1453587730,1662208873,93480412,32057107,16537825,0,2368699,0,0,0,0,5136049939,4102153668.0,4083641812.0,1828614204.0,1250256552.0,1317385662.0,39993362.0,3626240.0,4816410.0,463,76,1034,220,539,1254,75,79,453,1167,11,8,44,159,269,577,0,0,0,0,105,211,208,525
IR-O-U-0306,Indian Institute of Technology Bombay,Mumbai,Maharashtra,81.37,3,Overall,60655438,395211540,317047623,3091659479,859086724,922913433,82044432,99980000,11208500,0,0,0,0,0,0,6581612412,6070571682.0,5583221475.0,3380913236.0,2978397843.0,2588075180.0,22683371.0,9177625.0,20859647.0,4836,1127,2452,499,5963,2951,1788,595,4142,2296,33,60,483,140,3079,1304,1414,503,748,170,234,0,1166,771
IR-O-I-1074,Indian Institute of Technology Delhi,New Delhi,Delhi,80.31,4,Overall,187521973,191213021,184745725,2615655221,2374297516,1607295909,2429151,44456874,3399314,2124700,43928631,2635314,2857555221,1476113707,914195061,0,0.0,0.0,3957679475.0,3710748858.0,3658556787.0,183435548.0,4904145.0,6573578.0,4011,960,2912,656,4971,3568,479,224,4491,3265,1,79,423,277,2577,1446,126,147,1960,568,235,63,679,945
IR-O-I-1075,Indian Institute of Technology Kanpur,Kanpur,Uttar Pradesh,77.56,5,Overall,202200000,184609000,179800000,1096200000,640307900,878085000,120140000,107318500,97200000,6113000,5674000,5334000,150260000,137621500,103820000,3543190000,3183924000.0,3128100000.0,4670560000.0,3967440000.0,4013500000.0,52180000.0,47800000.0,52500000.0,3540,870,1529,279,4410,1808,964,468,3446,1328,0,12,410,175,2203,854,778,117,1743,833,0,0,92,79
IR-O-U-0573,Indian Institute of Technology Kharagpur,Kharagpur,West Bengal,74.77,6,Overall,256500000,189496133,224759338,761461375,543377993,678145351,0,3374185,0,2300000,3882469,920000,648459019,219791746,151634535,7134146302,6367568115.0,5644388548.0,2482172231.0,3237288905.0,3084259550.0,67110522.0,23457891.0,27643282.0,6872,1417,2973,681,8289,3654,1022,796,7242,2825,25,33,644,319,4183,1894,4115,2193,0,0,0,0,712,20
IR-O-N-15,All India Institute of Medical Sciences Delhi,New Delhi,Delhi,74.27,7,Overall,314194886,69800856,166900000,2812737656,4390237745,4164700000,0,0,0,0,0,0,0,0,0,22354495136,20097015363.0,17601000000.0,13110886380.0,11599119623.0,9738200000.0,160099955.0,21267185.0,4800000.0,688,622,1027,844,1310,1871,203,262,1064,1557,43,52,98,99,636,508,0,0,0,0,0,0,734,607
IR-O-U-0560,Indian Institute of Technology Roorkee,Roorkee,Uttarakhand,71.52,8,Overall,154362057,265750001,154688000,793642966,781519626,618952819,12625688,17442828,18388486,202952,494000,1342343,507825017,328517202,123758179,3907376482,3388274784.0,2746988269.0,1409765421.0,1194098948.0,918394657.0,95008795.0,16575462.0,8871542.0,3623,875,1262,339,4498,1601,127,69,4365,1394,6,138,393,163,2254,729,16,2,1629,322,1,0,1001,568
IR-O-U-0053,Indian Institute of Technology Guwahati,Guwahati,Assam,69.04,9,Overall,212549726,122976870,119566922,570399409,317904320,473723128,15231760,14081657,15072578,0,0,0,678150953,689764913,72754710,1835256296,1748454897.0,1815640434.0,1026826502.0,810328532.0,1700086514.0,85410030.0,12338782.0,11850148.0,2985,792,1521,380,3777,1901,126,118,3638,1771,13,12,341,154,1888,837,1399,357,0,0,0,0,830,634
IR-O-U-0109,Jawaharlal Nehru University,New Delhi,Delhi,68.53,10,Overall,13389021,8269264,5669503,14575090,18145270,48577260,0,0,0,0,0,0,196971437,239215482,222636318,0,0.0,0.0,954902450.0,953325482.0,945348184.0,584817.0,3751541.0,961252.0,716,493,1754,1659,1209,3413,65,252,1134,3134,10,27,191,458,711,1972,0,0,0,0,0,0,902,2430
IR-O-U-0500,Banaras Hindu University,Varanasi,Uttar Pradesh,67.56,11,Overall,76505317,18579661,35324348,716048897,890629838,273419127,20131923,28097143,0,0,0,0,254269584,214456345,288312134,16202283739,13112615287.0,11789690050.0,6168115794.0,4973468020.0,948647827.0,104822367.0,1474092.0,1925422.0,10568,7438,6640,4820,18006,11460,9959,6506,7745,4807,302,147,1801,1147,9163,5975,5325,2070,14,1,119,34,5506,5017
IR-O-U-0013,Indian Institute of Technology Hyderabad,Hyderabad,Telangana,66.69,12,Overall,54273351,35657429,36056910,354297902,360785745,382919465,0,600000,218597,0,70092,0,222495370,135612446,75066897,2044754274,1745821591.0,792195187.0,1122709987.0,754647920.0,750826090.0,38926352.0,2433745.0,3929974.0,1388,371,762,267,1759,1029,589,124,1150,904,20,1,173,82,891,356,129,0,567,109,2,0,366,329
IR-O-U-0108,Jamia Millia Islamia,New Delhi,Delhi,66.0,13,Overall,0,0,0,60998918,145137265,69815000,4554615,3956019,2295180,1445354,581920,365868,153062236,44956077,4500000,4422822436,4651995309.0,4128129000.0,2152570384.0,1542906463.0,687828000.0,8010831.0,4998272.0,6925000.0,2850,2997,1370,1513,5847,2883,738,334,4741,2397,368,152,4588,2247,916,391,3710,1497,1151,750,636,369,7,22
IR-O-U-0234,"Manipal Academy of Higher Education, Manipal",Manipal,Karnataka,64.94,14,Overall,357549327,278739164,246673360,0,0,0,0,0,0,0,0,0,0,0,0,8053308454,7134071485.0,6096476843.0,10582035941.0,8338859218.0,7592859041.0,71791417.0,26027749.0,15657781.0,10527,8075,2392,3382,18602,5774,4042,1819,14216,3907,344,48,1029,590,1096,336,117,6,1203,247,0,0,805,673
IR-O-U-0120,University of Delhi,Delhi,Delhi,64.81,15,Overall,341723984,31434945,12721111,265608758,178906415,241975859,889381,926421,71390,0,0,0,226938232,151202622,333400689,10393472688,8052731159.0,5057488618.0,2932790313.0,2178649849.0,1700512017.0,7470928.0,1602729.0,2691879.0,698,568,11621,10007,1266,21628,221,5919,1018,15488,27,221,79,1896,519,9670,9,322,48,1334,0,1,541,9909
IR-O-U-0496,Aligarh Muslim University,Aligarh,Uttar Pradesh,64.17,16,Overall,20356607,22280194,47125815,125079979,211659826,80433284,1764152,714321,394072,569300,640000,0,139733856,107514290,100927126,11042115889,9546335906.0,9060009060.0,1243064412.0,791018425.0,1077622285.0,9412165.0,6320433.0,2444823.0,8094,4897,3292,2499,12991,5791,8405,3672,4400,2072,186,47,5001,1157,4479,1124,3342,531,797,58,2136,726,3205,966
IR-O-U-0575,Jadavpur University,Kolkata,West Bengal,63.84,17,Overall,85546840,118897218,138508193,80991182,59161771,254335701,513451,323483,742802,0,0,0,46580795,8943698,22776848,2053921331,2015559780.0,2092599971.0,1580144069.0,1216019531.0,1229218844.0,10677522.0,11909721.0,18149836.0,5673,1724,1625,1372,7397,2997,7031,2835,360,158,6,4,1725,1246,3107,1312,3623,1813,835,618,221,114,153,13
IR-O-U-0436,Amrita Vishwa Vidyapeetham,Coimbatore,Tamil Nadu,63.81,18,Overall,326785511,312632511,232721478,649470796,1585279751,1460868587,257584479,718872552,137607540,3706360,7236465,391181,2727163555,416220662,410402023,5100302169,4488789410.0,4305963034.0,2981516633.0,3860192896.0,3417902784.0,72786927.0,49952693.0,110245843.0,11905,6610,1777,2224,18515,4001,1639,678,16697,3300,179,23,4138,785,7577,1864,36,20,3799,1337,4,1,7876,1291
IR-O-U-0490,Vellore Institute of Technology,Vellore,Tamil Nadu,62.97,19,Overall,99657033,1772156,35853722,376100040,123067132,121857965,3320766,3942784,3958151,0,0,0,369059441,131909702,230210752,4218743253,3493550840.0,3193908365.0,0.0,0.0,0.0,0.0,0.0,0.0,30609,9958,2792,2114,40567,4906,11953,1977,27167,2885,1447,44,12084,1680,13816,2482,11,0,258,0,0,0,25631,4162
IR-O-U-0439,Anna University,Chennai,Tamil Nadu,62.77,20,Overall,45053544,42875287,31882972,192178059,253732514,477006385,4330583,1977165,1529555,29170,0,0,26441907,15095120,189446122,2965738148,2611261352.0,2242227420.0,689783304.0,370650016.0,330968722.0,18785348.0,13762213.0,3106244.0,5385,3574,1150,912,8959,2062,8656,1967,202,94,101,1,481,148,7539,1844,3027,869,108,0,489,3,4396,1120
IR-O-U-0473,S.R.M. Institute of Science and Technology,Chennai,Tamil Nadu,62.07,21,Overall,88929136,77800000,22500000,0,0,0,0,0,0,0,0,0,0,0,0,6758113615,5578155847.0,5619441901.0,7015962566.0,7432303755.0,9617814970.0,11726168.0,15473586.0,11817960.0,26973,20303,3525,2743,47276,6268,9966,2645,36706,3462,604,161,11617,657,16880,3611,40,6,6177,528,825,405,21455,3329
IR-O-I-1441,Saveetha Institute of Medical and Technical Sciences,Chennai,Tamil Nadu,61.79,22,Overall,98948174,81861734,75636419,254874181,396182031,227491199,52310220,43947066,39951878,21911301,28811762,11853385,109152715,60982868,98720365,2321547000,1741154100.0,1346802120.0,2257747057.0,1231532729.0,1348600259.0,8743874.0,6978436.0,11044380.0,5263,4685,435,650,9948,1085,4008,476,5865,577,75,32,527,42,1957,241,26,0,2121,138,336,145,1,0
IR-O-U-0391,"Birla Institute of Technology and Science, Pilani",Pilani,Rajasthan,60.87,23,Overall,12267892,122239989,113871031,685633400,412301879,370019485,23591679,27492623,25565901,0,0,0,159091114,213137853,128717098,3907433004,3364082527.0,2805947978.0,3392940317.0,1968054741.0,1659180192.0,17778839.0,1515635.0,2913582.0,10842,1881,1331,499,12723,1830,2575,312,9686,1518,462,0,1532,769,676,313,1,0,9,0,0,0,2198,1082
IR-O-U-0363,Siksha `O` Anusandhan,Bhubaneswar,Odisha,60.73,24,Overall,98226181,55835036,67415175,1851842747,1622482202,1084174679,174024324,152894711,103604822,106162311,73157406,52241901,309763734,252141834,173065541,3533497705,3204269144.0,2787782867.0,3997169417.0,3391429539.0,2908065011.0,71280074.0,42698311.0,41579301.0,6251,8547,983,1358,14798,2341,2533,455,12040,1863,225,23,1140,157,2023,285,8,2,1338,131,0,0,1817,309
IR-O-U-0042,University of Hyderabad,Hyderabad,Telangana,60.55,25,Overall,102482928,29996240,66718482,0,0,0,0,0,0,0,0,0,0,0,0,1717563898,1806287335.0,1835296251.0,766091697.0,65380826.0,69611172.0,13300000.0,334892.0,242850.0,0,0,1534,1181,0,2715,0,632,0,2044,0,39,0,296,0,1563,0,139,0,0,0,0,0,1720
IR-O-U-0570,Calcutta University,Kolkata,West Bengal,60.25,26,Overall,5555366,6673450,142328767,21262211,1899935,602539821,134942,98464460,118356873,0,0,0,99542741,866493,300729185,0,0.0,0.0,0.0,0.0,0.0,0.0,0.0,0.0,1335,885,4634,6428,2220,11062,2059,10940,159,117,2,5,344,5836,514,5171,99,3932,0,3423,0,0,759,3652
IR-O-U-0304,Homi Bhabha National Institute,Mumbai,Maharashtra,60.13,27,Overall,0,0,0,0,0,0,0,0,0,0,0,0,0,0,0,4951891949,3775014302.0,3508510129.0,1741064402.0,1081196991.0,1249565398.0,23830215.0,22738869.0,10712048.0,0,0,495,313,0,808,0,261,0,547,0,0,0,16,0,230,0,108,0,0,0,0,0,138
IR-O-U-0356,Kalinga Institute of Industrial Technology,Bhubaneswar,Odisha,59.94,28,Overall,209533647,192329314,173546338,833425376,480509828,482187322,169214183,102664704,0,12467581,0,0,712872565,380071240,512817605,4492406967,2938470643.0,2928127124.0,0.0,0.0,0.0,0.0,0.0,0.0,11694,10065,1213,1512,21759,2725,1695,382,19420,2208,644,135,2047,109,4430,858,130,32,3961,726,176,118,2210,91
IR-O-U-0139,Indian Institute of Technology Gandhinagar,Gandhinagar,Gujarat,58.77,29,Overall,31339902,25595838,35908286,216414304,362655942,309598036,1787382,9813209,1881337,934063,910237,1104028,13052790,16597999,10102405,0,0.0,0.0,0.0,0.0,0.0,0.0,0.0,0.0,780,192,279,155,972,434,145,33,823,382,4,19,55,44,487,193,231,82,151,85,8,0,152,70
IR-O-U-0701,Indian Institute of Technology (Banaras Hindu University) Varanasi,Varanasi,Uttar Pradesh,58.69,30,Overall,90573233,83885967,71962850,301637795,147678327,130379048,15429016,26504291,6874261,0,2691003,2099718,151940732,82909537,83421197,2087636535,1727284473.0,1628336785.0,1636481738.0,1335296684.0,1053500729.0,23570324.0,6624328.0,6996396.0,4941,1166,694,134,6107,828,1503,197,4600,622,4,9,1385,219,2741,514,917,10,2970,723,239,0,0,0
IR-O-U-0467,National Institute of Technology Tiruchirappalli,Tiruchirappalli,Tamil Nadu,58.6,31,Overall,1178898,3296375,5920996,130306156,306156312,140140871,100000,500000,2000000,0,675000,0,400294723,426347711,359440527,1453779361,1463451612.0,1318550463.0,1166316999.0,984356624.0,1126130417.0,4145050.0,11207208.0,323806.0,3541,1049,1479,427,4590,1906,2018,203,2450,1700,122,3,572,283,2376,1083,75,5,2318,923,36,30,519,408
IR-O-U-0747,Chandigarh University,Mohali,Punjab,58.3,32,Overall,56922211,53420242,46772411,329009330,337516188,295328290,9443035,9836097,9601982,220450,371250,350236,746652549,702366808,618981781,2633158370,2550029710.0,2168376656.0,0.0,0.0,0.0,0.0,0.0,0.0,13144,13092,1944,2987,26236,4931,1936,569,21193,3834,3107,528,3492,474,4645,966,1559,295,4866,523,0,0,1712,622
IR-O-U-0273,Indian Institute of Technology Indore,Indore,Madhya Pradesh,57.31,33,Overall,47193543,33385164,36437471,259181099,112076792,148993805,1202619,0,0,0,0,0,91974617,54747127,108118672,667850076,558261242.0,484268298.0,569258068.0,439197669.0,419015875.0,24535200.0,8881716.0,28332484.0,1067,276,281,89,1343,370,215,33,1127,330,1,7,206,0,692,155,30,0,540,67,0,0,328,88
IR-O-U-0357,National Institute of Technology Rourkela,Rourkela,Odisha,57.04,34,Overall,42230406,20758825,47345959,120611205,109741407,88038685,2457429,40950683,24728491,2785851,471680,971544,97721003,19294798,68646270,1220295150,1130293351.0,1008337550.0,1293886009.0,1001070959.0,827582225.0,96117869.0,23973538.0,10547831.0,3433,814,1125,406,4247,1531,1981,299,2026,1219,240,13,655,384,2046,789,124,0,2336,1173,52,0,189,0
IR-O-U-0205,Indian Institute of Technology (Indian School of Mines) Dhanbad,Dhanbad,Jharkhand,56.97,35,Overall,79785921,108122599,42565586,423338548,301813602,432951532,1243910,189722,8144629,0,4328508,0,97273747,138188357,117950230,1710510938,1535808218.0,1512006310.0,942376807.0,890268162.0,938983552.0,20185709.0,9972172.0,276014.0,3360,798,1108,292,4158,1400,312,117,3846,1278,0,5,282,0,2096,724,4,21,2148,461,0,0,226,242
IR-O-U-0222,JSS Academy of Higher Education and Research,Mysuru,Karnataka,55.79,36,Overall,0,0,0,0,0,0,0,0,0,0,0,0,0,0,0,1903411498,1898048825.0,1689765309.0,3269981842.0,3861569022.0,2475445886.0,59123218.0,57401183.0,44548881.0,1740,2824,907,1433,4564,2340,799,237,3638,1883,127,220,447,558,1651,942,725,394,626,415,310,408,437,283
IR-O-U-0323,Savitribai Phule Pune University,Pune,Maharashtra,55.69,37,Overall,15483337,9535028,14068738,47769484,53917403,75937872,8451235,10536287,21459008,0,0,0,149195803,118459793,161165747,1419000336,1364880183.0,1280845650.0,0.0,0.0,0.0,0.0,0.0,0.0,600,478,2523,2135,1078,4658,906,3935,95,633,77,90,65,369,414,2422,479,2791,0,0,0,0,0,0
IR-O-U-0260,Kerala University,Thiruvananthapuram,Kerala,55.61,38,Overall,94441104,91242364,100391342,147847409,138377014,386330831,190384204,176610900,172738838,0,0,0,684160010,651838908,573498968,3140612834,2005038699.0,1621993847.0,312305697.0,274193853.0,217420021.0,94074162.0,66953764.0,38721779.0,0,0,916,2427,0,3343,0,2291,0,947,0,105,0,854,0,1483,0,1352,0,941,0,10,0,34
IR-O-U-0368,Jawaharlal Institute of Post Graduate Medical Education and Research,Puducherry,Pondicherry,55.51,39,Overall,111434308,62771054,72887334,305421042,547819161,624873534,436549,162815,42671,43502688,12722020,29197022,7654890,1805473,33259510,6900000000,6000000000.0,2456400000.0,0.0,0.0,0.0,0.0,0.0,0.0,821,1015,467,517,1836,984,510,150,1309,834,17,0,110,71,864,442,0,0,0,0,0,0,974,513
IR-O-U-0020,Koneru Lakshmaiah Education Foundation University (K L College of Engineering),Vaddeswaram,Andhra Pradesh,55.47,40,Overall,63137071,55417148,28951336,237894079,81223069,28808653,25499421,3258081,4645440,0,0,0,235723530,50592987,74531600,1641916781,1200468805.0,1092975377.0,1082207336.0,909584115.0,360575323.0,4169484.0,3399268.0,3079102.0,6261,6482,545,536,12743,1081,4990,438,7311,628,442,15,1123,29,1087,121,0,0,1117,56,0,0,1093,94
IR-O-U-0006,Andhra University,Visakhapatnam,Andhra Pradesh,54.97,41,Overall,52572682,40766679,34528660,954634120,718079188,744820978,361250800,216876000,179765275,11133255,10277000,5609287,419767560,381700000,298646810,4773594684,4620827185.0,4332689969.0,708879854.0,683039215.0,624638526.0,61419454.0,62467342.0,62277234.0,1586,2188,2518,3286,3774,5804,2600,4468,904,870,270,466,457,618,2613,3972,2232,3325,455,839,240,232,143,194
IR-O-U-0305,Indian Institute of Science Education and Research Pune,Pune,Maharashtra,54.86,42,Overall,68288635,63874512,64651274,255432712,276586059,105980358,0,0,0,0,0,0,53396892,44069295,68317316,673939924,638620490.0,560647858.0,595698749.0,555577582.0,448804627.0,834335.0,45710.0,0.0,804,322,17,11,1126,28,272,4,854,24,0,0,72,1,511,13,232,5,2,0,47,0,302,9
IR-O-I-1480,Thapar Institute of Engineering and Technology (Deemed-to-be-university),Patiala,Punjab,54.83,43,Overall,33629124,28512132,26085700,129187496,109245176,93780000,108295000,88353428,82478243,372400000,275200000,250000000,272784422,204657256,166737447,1946571808,1673027165.0,1467176461.0,1229887110.0,1125362377.0,1082787953.0,41865055.0,29945098.0,19935614.0,6035,3294,450,561,9329,1011,2870,336,6307,672,152,3,375,166,655,41,28,40,981,112,5,0,16,55
IR-O-U-0447,Bharathiar University,Coimbatore,Tamil Nadu,54.81,44,Overall,9184552,7282378,5908087,76732259,123631111,112465772,51525069,36395341,0,349976,0,0,7393562,5921733,1135129,782967318,723176549.0,562117333.0,597111023.0,221205684.0,462555000.0,4527989.0,8523047.0,5151013.0,322,151,1015,1687,473,2702,454,2478,19,217,0,7,10,118,441,2419,105,576,9,80,5,6,332,1875
IR-O-U-0379,Lovely Professional University,Phagwara,Punjab,54.58,45,Overall,0,0,0,0,0,0,0,0,0,0,0,0,0,0,0,2221724117,1766256850.0,1343031547.0,1276316715.0,1288607253.0,1292697345.0,6092645.0,2345026.0,676374.0,22774,7033,3010,1956,29807,4966,2616,509,25747,4304,1444,153,9387,2064,3275,311,456,133,5525,1273,0,0,6681,969
IR-O-U-0237,"National Institute of Technology Karnataka, Surathkal",Surathkal,Karnataka,54.44,46,Overall,60292768,56502054,54159018,1078378262,645588899,408202147,91327111,17595230,72408151,7248536,2724170,4760932,833963984,603768043,476612955,1341309464,1219057190.0,114702412.0,1364427696.0,1391304458.0,1212826609.0,449654.0,3009463.0,7833901.0,3136,791,1533,522,3927,2055,1790,245,2112,1809,25,1,1020,879,1421,875,226,95,1789,263,391,55,35,1341
IR-O-U-0476,Shanmugha Arts Science Technology and Research Academy,Thanjavur,Tamil Nadu,54.14,47,Overall,46232672,33739883,36524932,449405590,411204068,314757333,0,0,0,6370252,0,0,705309031,1684946106,1025038248,1049981956,886185978.0,803702525.0,1274933781.0,532275068.0,368515278.0,88756156.0,45032414.0,7477764.0,4903,4617,353,471,9520,824,4620,662,4883,162,17,0,2978,312,1833,157,166,12,2305,5,30,2,2310,450
IR-O-U-0378,Indian Institute of Technology Ropar,Rupnagar,Punjab,54.12,48,Overall,75746137,39879613,32264112,213322815,175879552,360488641,2268087,9914230,15026777,0,0,0,12459316,19760201,82638115,672720230,592137411.0,560033286.0,777227956.0,607049468.0,681211989.0,50874389.0,13349937.0,7914332.0,1135,273,368,96,1408,464,110,25,1298,421,0,18,449,50,715,228,12,0,736,28,0,0,416,250
IR-O-U-0497,Amity University,Gautam Budh Nagar,Uttar Pradesh,54.04,49,Overall,45757711,37173521,35689364,5231502,6654459,591860,0,0,0,0,0,0,0,0,0,2432645262,2287648514.0,2290649283.0,2899206047.0,2486037593.0,2434744170.0,57343597.0,12577642.0,7444796.0,13691,13037,2241,3599,26729,5840,9950,1892,16684,3917,95,31,1452,261,4442,1021,0,0,381,25,0,0,5513,1257
IR-O-U-0458,Kalasalingam Academy of Research and Education,Srivilliputhur,Tamil Nadu,54.02,50,Overall,41729006,38029303,15127395,95722188,98865012,80176288,38152005,35294018,19975303,20097401,19726109,10983267,164375109,180129433,131974602,1005128903,941286045.0,863925017.0,690873212.0,667280919.0,592130765.0,108509777.0,89437206.0,73208115.0,3921,4304,227,322,8225,549,2181,105,5663,380,381,64,0,0,2493,417,49,46,2151,79,293,0,0,292
IR-O-U-0253,Cochin University of Science and Technology,Cochin,Kerala,53.99,51,Overall,33478959,33127079,34078782,239994170,53126381,25054540,113585526,11204511,30311426,800433,393558,1757200,50237642,38757126,17294775,2017421882,1900883142.0,1203547573.0,381402411.0,165943678.0,87449700.0,34531795.0,8562360.0,2529769.0,679,381,663,1140,1060,1803,867,1646,182,147,11,10,25,47,620,1102,329,723,11,40,39,43,266,343
IR-O-U-0329,Symbiosis International,Pune,Maharashtra,53.93,52,Overall,397814242,359662459,340622924,881059268,595648618,797489688,387937456,330676515,301486552,32656005,0,0,66245343,8477032,50304892,4295961333,3397725995.0,2935259803.0,6554421558.0,5094042699.0,4646293277.0,137063841.0,95432953.0,62063234.0,7905,7670,4096,3174,15575,7270,7147,3250,7675,3876,753,144,469,0,933,755,179,137,1006,439,51,29,166,150
IR-O-U-0025,National Institute of Technology Warangal,Warangal,Telangana,53.74,53,Overall,59099482,55052090,25882054,281512097,148347864,130562905,16338135,16246719,12523121,500000,0,1109764,182281558,53012681,805648056,1214818000,1028599459.0,1012579478.0,1181716694.0,871437903.0,883407457.0,49386214.0,29020967.0,14842449.0,3378,888,1357,427,4266,1784,1925,647,1963,1137,378,0,425,178,1963,841,259,8,1716,404,43,0,370,607
IR-O-U-0263,National Institute of Technology Calicut,Kozhikode,Kerala,53.66,54,Overall,66466009,7724315,36811912,244789093,215549653,135737140,15664244,9019423,8581560,2584600,1785350,1716177,132301127,162225830,30641331,1575663478,1316892468.0,1145234721.0,1195881716.0,701356515.0,569976407.0,32017052.0,24777649.0,25636963.0,2842,1128,769,336,3970,1105,1833,391,2083,710,54,4,954,96,2061,571,892,13,1687,564,300,3,136,87
IR-O-U-0448,Bharathidasan University,Tiruchirappalli,Tamil Nadu,53.47,55,Overall,2713000,2408620,2750370,36539014,30315317,16526532,406233,272181,0,1166000,218850,0,7300000,1901268,2005544,773117000,714016696.0,687094226.0,326089000.0,205017421.0,172573213.0,148086.0,14879.0,325203.0,253,88,966,1211,341,2177,333,2047,8,130,0,0,4,59,337,2054,139,462,0,0,2,27,200,1624
IR-O-U-0308,Institute of Chemical Technology,Mumbai,Maharashtra,53.38,56,Overall,23889715,8463850,46860057,250796339,186985003,134661333,960097,700000,6500000,0,1233061,1022816,38870514,40727980,114276314,0,0.0,0.0,0.0,0.0,0.0,0.0,0.0,0.0,740,337,410,341,1077,751,905,521,169,230,3,0,127,14,395,413,398,341,0,0,97,0,27,86
IR-O-U-0052,Gauhati University,Guwahati,Assam,53.28,57,Overall,37606199,34323090,20545060,125952605,38919801,214787900,32556877,30285960,22480950,785000,735000,692000,297562863,284937050,245690678,1915973416,1906109033.0,2474753000.0,443726797.0,267327889.0,281039926.0,14372920.0,8902480.0,8556500.0,617,583,1515,2517,1200,4032,993,3155,205,871,2,6,162,0,604,2139,92,282,369,1337,3,4,302,516
IR-O-U-0498,Babasaheb Bhimrao Ambedkar University,Lucknow,Uttar Pradesh,53.26,58,Overall,46176100,38450200,35594758,42704000,39452800,37279926,9227350,8720520,8484859,19780400,17403500,12639961,112843700,105400000,0,979396992,740866348.0,644231607.0,283852000.0,215279500.0,172486742.0,1224327.0,765240.0,188877.0,285,315,1276,1558,600,2834,225,858,364,1941,11,35,77,290,440,2045,216,763,291,1560,0,0,10,12
IR-O-U-0564,UPES,Dehradun,Uttarakhand,53.05,59,Overall,168978262,114353679,57121641,93564008,13824764,14870039,18561117,904099,1492011,3699300,438960,386640,49580957,24847925,11105102,2083159158,2144124366.0,1816366822.0,0.0,0.0,0.0,0.0,0.0,0.0,7276,3642,791,454,10918,1245,2271,347,8617,896,30,2,1445,243,188,8,0,0,38,3,0,0,1595,248
IR-O-U-0078,Panjab University,Chandigarh,Chandigarh,52.99,60,Overall,80185721,324276,1219434,0,0,0,0,0,0,0,0,0,0,0,0,5655246239,5032443503.0,4785125584.0,1189606063.0,1329350192.0,991949281.0,8384773.0,2460256.0,1066933.0,5771,4681,2511,3423,10452,5934,2701,1779,7621,4131,130,24,336,109,3057,1474,1298,667,317,110,92,5,1686,801
IR-O-U-0572,Indian Institute of Science Education and Research Kolkata,Mohanpur,West Bengal,52.91,61,Overall,76880672,67843088,64980008,176673019,94615002,91141417,0,0,0,0,0,0,89873747,76563822,28937183,0,0.0,0.0,0.0,0.0,0.0,0.0,0.0,0.0,780,278,104,53,1058,157,430,107,627,50,1,0,103,8,498,54,0,0,235,19,0,0,366,43
IR-O-U-0107,Jamia Hamdard,New Delhi,Delhi,52.83,62,Overall,6090335,4916595,6167939,156992188,36398200,38271731,1158963,223112,1093400,1223756,0,0,270612196,36346445,57998167,2842763864,1958354346.0,1198220403.0,472355024.0,379546219.0,461859518.0,4284567.0,1647131.0,3725281.0,2574,3283,848,1002,5857,1850,2649,772,3105,1053,103,25,415,79,923,246,564,150,156,35,127,24,491,116
IR-O-I-1110,Dr. D. Y. Patil Vidyapeeth,Pune,Maharashtra,52.72,63,Overall,109763422,64556912,40902892,79856386,171705593,159695107,0,0,0,0,0,0,127601952,158463114,156855340,0,0.0,0.0,0.0,0.0,0.0,0.0,0.0,0.0,1254,2264,620,879,3518,1499,2044,709,1459,781,15,9,12,9,978,393,9,2,14,20,39,1,928,379
IR-O-U-0377,Indian Institute of Science Education and Research Mohali,Mohali,Punjab,52.58,64,Overall,63328033,53921359,93576293,103877663,83470584,60228171,0,0,0,0,0,0,194169510,25171892,15322651,516423278,453027864.0,408565516.0,411855636.0,370605627.0,326028739.0,6569070.0,5186914.0,5121880.0,641,444,0,0,1085,0,79,0,1006,0,0,0,77,0,528,0,42,0,245,0,0,0,318,0
IR-O-I-1357,University of Madras,Chennai,Tamil Nadu,52.58,64,Overall,10260000,7008884,5886379,285068000,8609035,40655694,34789000,23079775,2660888,17500000,992975,0,98912000,4643133,1950193,993038188,904785013.0,1001692895.0,514664000.0,724194690.0,34278025.0,13564000.0,1134871.0,4152937.0,0,0,1393,2096,0,3489,0,2999,0,480,0,10,0,519,0,2814,0,693,0,810,0,41,0,1789
IR-O-U-0098,Delhi Technological University,New Delhi,Delhi,52.38,66,Overall,39921321,24848269,65233769,147431818,112009710,89562408,73233018,71455537,95140259,27766,50000,50000,44492741,32185627,8851921,0,0.0,0.0,0.0,0.0,0.0,0.0,0.0,0.0,9571,1687,917,675,11258,1592,5705,622,5000,926,553,44,236,54,4940,527,2448,211,631,29,62,2,2035,339
IR-O-U-0262,Mahatma Gandhi University,Kottayam,Kerala,52.3,67,Overall,20452193,16294722,29951689,0,0,11014558,18972572,9675323,8180000,14230584,0,0,40785558,20442306,8760822,0,0.0,0.0,0.0,0.0,0.0,0.0,0.0,0.0,64,156,423,772,220,1195,220,1176,0,2,0,17,5,61,96,619,23,473,0,0,0,0,78,207
IR-O-U-0395,Indian Institute of Technology Jodhpur,Jodhpur,Rajasthan,52.24,68,Overall,109871530,31578203,71642098,365488037,396024778,234332902,917395,17230645,16848635,9336136,205250,290609,385635193,165797521,304585844,778949563,591593878.0,435994123.0,1496975993.0,1063070705.0,884215876.0,22484069.0,1648564.0,490329.0,1424,318,614,218,1742,832,387,136,1355,694,0,2,268,209,869,357,112,7,634,142,28,4,363,413
IR-O-U-0196,University of Kashmir,Srinagar,Jammu and Kashmir,52.14,69,Overall,28179873,29453805,28540888,214768025,217191300,198360341,14106214,20027268,17500000,4091066,4854541,4178133,118035596,100189193,106550126,313168433,2734970580.0,2652323862.0,232281000.0,149786066.0,113328904.0,6673909.0,6787189.0,1786742.0,1051,774,2508,3714,1825,6222,1825,6222,0,0,0,0,1023,3485,712,2427,146,1315,72,278,0,0,1517,4319
IR-O-U-0027,Osmania University,Hyderabad,Telangana,52.02,70,Overall,13400000,12550000,10900000,86500000,112500000,138191802,3000000,3500000,2400000,15000000,600000,0,30000000,50000000,45000000,5995987000,5420000000.0,4906227157.0,1855650000.0,1500000000.0,1649100000.0,3500000.0,50000000.0,170000000.0,1476,1164,2357,2722,2640,5079,2465,4706,138,248,37,125,264,520,2097,4191,2030,4150,0,0,0,0,331,561
IR-O-U-0295,Datta Meghe Institute of Higher Education and Research,Wardha,Maharashtra,51.75,71,Overall,78685858,77325277,65179866,425641473,223989563,260761404,4453760,3153674,2927389,8271269,0,0,131238729,64926339,33031113,2161637517,1915978104.0,1449299172.0,0.0,0.0,0.0,0.0,0.0,0.0,1946,3255,583,992,5201,1575,2556,756,2543,744,102,75,55,10,3185,538,0,0,746,272,56,0,2438,276
IR-O-U-0184,Indian Institute of Technology Mandi,Mandi,Himachal Pradesh,51.68,72,Overall,70004195,35101891,46390582,89947259,37610048,82072096,70111888,46767696,23838737,3744375,387553,0,70457332,27833959,33468379,0,0.0,0.0,0.0,0.0,0.0,0.0,0.0,0.0,951,250,441,161,1201,602,25,23,1173,579,3,0,204,32,604,260,282,102,501,190,25,0,0,0
IR-O-U-0064,Indian Institute of Technology Patna,Patna,Bihar,51.24,73,Overall,126432017,96756610,38265100,713805099,329329209,61176637,17430742,10872944,3843327,0,0,0,123539258,89163954,2732016,562171509,466680578.0,414367796.0,573194133.0,472562854.0,371028370.0,20723857.0,14033011.0,3826616.0,1471,326,373,73,1797,446,332,131,1464,311,1,4,141,22,910,212,126,0,501,80,45,0,379,154
IR-O-U-0691,All India Institute of Medical Sciences Rishikesh,Rishikesh,Uttarakhand,51.22,74,Overall,62895059,58970318,56759675,167469570,413923535,1055301576,0,0,0,2700000,0,0,44603744,46120159,218133112,3729055669,2779235283.0,2487999062.0,1970316626.0,2550873924.0,2250691485.0,199831.0,306182.0,371256.0,490,581,403,281,1071,684,24,13,1046,570,1,101,60,28,570,144,45,0,0,0,5,0,580,172
IR-O-U-0574,"Indian Statistical Institute, Kolkata",Kolkata,West Bengal,51.1,75,Overall,123846779,116763990,107090923,2225035,10973889,357453,0,0,0,0,0,0,27537436,28154467,12236286,2231842609,2050872298.0,1985255434.0,488901251.0,467314240.0,420134768.0,2090914.0,1252777.0,780446.0,190,25,632,103,215,735,91,346,124,378,0,11,3,44,52,194,24,21,31,217,0,0,0,0
IR-O-U-0435,Alagappa University,Karaikudi,Tamil Nadu,51.07,76,Overall,343690,549195,1759657,21920880,17033957,73128518,6363900,11054642,10906371,474259,157639,281900,1092535,17129410,12461000,769974705,720795255.0,635958774.0,0.0,0.0,0.0,0.0,0.0,0.0,521,426,903,1871,947,2774,938,2696,5,72,4,6,448,1241,477,1380,156,314,0,0,0,6,769,2301
IR-O-U-0334,Visvesvaraya National Institute of Technology Nagpur,Nagpur,Maharashtra,51.03,77,Overall,19088000,26194000,16856000,56149000,79920000,200566726,5243056,963000,21206000,618944,562676,511524,247250000,276775181,244597000,0,0.0,0.0,380737000.0,329607000.0,275236901.0,31188000.0,6019000.0,5191596.0,2758,885,472,206,3643,678,1756,392,1807,286,80,0,415,53,1965,373,14,0,728,0,2,0,1636,426
IR-O-U-0272,Indian Institute of Science Education and Research Bhopal,Bhopal,Madhya Pradesh,50.94,78,Overall,49207477,63554132,44031338,285659387,152051546,182384274,36073438,46860663,31032686,0,0,0,26719057,20379817,30599763,0,0.0,0.0,910340373.0,740533228.0,520949856.0,28903564.0,1525773.0,1601436.0,1021,563,5,9,1584,14,92,1,1491,13,1,0,156,0,770,1,31,0,342,0,28,0,525,1
IR-O-U-0555,Graphic Era University,Dehradun,Uttarakhand,50.58,79,Overall,110787420,31756000,21491000,65868375,407675000,270948000,3362216,3056560,2775240,605370,550000,535000,0,0,0,752859355,422951812.0,396121856.0,1209319635.0,1017590315.0,1025683220.0,3749524.0,1396560.0,4964575.0,4363,3459,602,743,7822,1345,2513,562,5173,771,136,12,55,20,1352,261,0,0,0,0,0,0,1407,281
IR-O-U-0381,Punjab Agricultural University,Ludhiana,Punjab,50.55,80,Overall,0,0,0,0,0,0,0,0,0,0,0,0,0,0,0,5061818679,4718723938.0,4590633858.0,53011426.0,61466476.0,85339445.0,53975971.0,36035116.0,26105899.0,1324,1177,399,501,2501,900,2405,773,67,124,29,3,186,10,707,156,261,43,119,28,0,0,513,95
IR-O-C-16604,Sri Sivasubramaniya Nadar College of Engineering,Kalavakkam,Tamil Nadu,50.43,81,Overall,6725849,6454349,6447358,35256454,27910253,18006809,3018913,1910329,1631749,5793705,5296895,4522584,61123616,60828507,22415982,730218381,686265057.0,650544118.0,448776893.0,388490704.0,351211013.0,11619831.0,6515396.0,5299608.0,2294,1249,46,42,3543,88,2977,83,495,5,71,0,524,14,1961,58,502,13,1157,15,211,5,615,39
IR-O-U-0410,Malaviya National Institute of Technology,Jaipur,Rajasthan,50.41,82,Overall,44422715,22127897,20678278,194057394,18038747,77557808,0,0,7568551,492000,0,0,54480323,19390781,52885355,1025257809,988181636.0,913797691.0,393252055.0,399877947.0,324218830.0,8379698.0,4030327.0,6174686.0,2740,836,752,358,3576,1110,1709,436,1863,672,4,2,89,84,1777,476,65,6,0,0,5,0,1796,554
IR-O-U-0689,All India Institute of Medical Sciences Jodhpur,Jodhpur,Rajasthan,49.94,83,Overall,41836515,35471283,38934751,367549462,704015746,1070008904,0,0,0,0,0,0,67692937,80553549,117286252,4150634322,3690933212.0,2699957442.0,2612569259.0,2069243457.0,1850058947.0,0.0,0.0,0.0,458,469,268,289,927,557,691,98,234,459,2,0,48,48,460,245,104,0,0,0,0,0,404,293
IR-O-N-10,SVKM`s Narsee Monjee Institute of Management Studies,Mumbai,Maharashtra,49.59,84,Overall,36765437,34667327,32959842,7956504,7134695,5993422,18949118,12151455,7730490,0,378119,2828832,618470424,368752047,350200481,2673519373,2422057867.0,1900719654.0,2596054643.0,3190082730.0,2987975476.0,10844053.0,19135725.0,14602133.0,1935,2271,733,775,4206,1508,1888,395,2315,1113,3,0,346,225,231,108,0,11,34,49,9,56,534,217
IR-O-U-0474,Sathyabama Institute of Science and Technology,Chennai,Tamil Nadu,49.52,85,Overall,152745275,122134451,107245521,492562415,357759013,303524863,87905847,75015251,52652415,19862500,13425600,11771135,374285516,205300487,138301484,1481215719,1437455612.0,1396532415.0,324152635.0,254561213.0,238162428.0,41924169.0,31051125.0,27334125.0,7625,6687,408,903,14312,1311,2773,359,11411,952,128,0,2321,289,8618,832,0,0,1983,466,158,7,8798,648
IR-O-U-0235,Mysore University,Mysuru,Karnataka,49.45,86,Overall,4000597,2737368,2589678,93237531,76638190,99756060,64000,0,1035000,446732,366390,4016663,411513741,308270570,231074388,2437350351,2322708718.0,1678465193.0,379161767.0,325000255.0,242431944.0,6923159.0,3011214.0,822190.0,332,258,3293,2671,590,5964,487,4688,103,1170,0,106,0,0,295,2982,295,2982,0,0,0,0,0,0
IR-O-U-0195,University of Jammu,Jammu,Jammu and Kashmir,49.4,87,Overall,24037492,19743419,14499960,39511142,38182882,42680503,370000,64000,0,1850675,130000,0,32978079,21899891,10972108,2806483036,2231394000.0,1903676000.0,0.0,0.0,0.0,0.0,0.0,0.0,272,306,1270,2328,578,3598,556,3541,22,57,0,0,62,254,112,926,110,761,34,308,0,0,30,111
IR-O-U-0523,King George`s Medical University,Lucknow,Uttar Pradesh,48.98,88,Overall,48390040,41259490,33352698,455841197,406162105,549999448,199478,0,0,5404807,0,0,650582434,71525593,77804113,6997070273,4426779420.0,5355068794.0,4482532217.0,463305745.0,341934116.0,19793733.0,2789772.0,18779259.0,927,645,479,523,1572,1002,1345,711,224,291,3,0,54,66,909,493,909,493,0,0,0,0,54,66
IR-O-U-0190,Shoolini University of Biotechnology and Management Sciences,Solan,Himachal Pradesh,48.95,89,Overall,9515000,5904000,6677000,49217000,1422600,3322500,1155000,584000,457000,0,0,0,33252000,14684000,4136500,308312000,260421531.0,200815325.0,179137000.0,74458000.0,60369000.0,5527000.0,1474737.0,202551.0,1416,1537,352,546,2953,898,1079,331,1849,561,25,6,34,15,766,206,57,12,46,14,8,4,689,191
IR-O-U-0217,Christ University,Bengaluru,Karnataka,48.66,90,Overall,112145715,93680705,68080138,138737355,69956912,62219793,16284627,6320671,4765060,73980032,4776017,342125,367402108,274265970,160372449,0,0.0,0.0,846822538.0,746335763.0,105508683.0,92148068.0,4938739.0,3716787.0,12362,10949,2919,4547,23311,7466,5671,1451,17357,6002,283,13,2569,1402,1863,816,343,266,3658,1613,27,64,404,275
IR-O-U-0446,Bharath Institute of Higher Education and Research,Chennai,Tamil Nadu,48.64,91,Overall,258010280,296421305,103378500,1412351105,1173153892,869426336,697198402,483797550,76559406,485332433,42192902,28276164,218424640,221716872,243235902,4376492770,4307321900.0,2702850200.0,500610810.0,496650230.0,387167675.0,121977060.0,121859479.0,3806050.0,8724,9144,815,765,17868,1580,3471,449,14305,1108,92,23,244,24,7890,712,580,0,1428,207,678,80,5448,449
IR-O-U-0055,National Institute of Technology Silchar,Silchar,Assam,48.55,92,Overall,84602832,76142442,57246829,73671825,69765676,65280658,33970290,32419148,32404662,0,0,4598559,48461935,44063602,64697317,807348905,687260400.0,678276911.0,445997512.0,420066763.0,365492327.0,27954134.0,17602092.0,17840827.0,2819,643,404,174,3462,578,1667,216,1673,358,122,4,456,34,1751,231,457,0,1386,103,14,0,350,162
IR-O-U-0577,National Institute of Technology Durgapur,Durgapur,West Bengal,48.29,93,Overall,102063587,64127625,79349519,90244980,52083144,68548409,0,1250000,0,0,0,0,50204938,44522568,11774390,1132043313,1098033571.0,960718132.0,389765365.0,409227504.0,436529655.0,846724.0,2044770.0,5799121.0,2676,722,482,223,3398,705,1358,279,1959,422,81,4,482,64,1799,324,295,26,1972,362,7,0,7,0
IR-O-U-0136,Gujarat University,Ahmedabad,Gujarat,48.16,94,Overall,15802607,13708738,19703648,96504030,82503457,46598389,121446581,105449575,153600362,17759840,970757,15492800,125143109,112210952,230592718,781111976,765435395.0,561707786.0,432441605.0,236973909.0,698041510.0,14163687.0,12006713.0,60989172.0,0,0,1219,2318,0,3537,0,2623,0,498,0,416,0,349,0,1811,0,2144,0,16,0,0,0,0
IR-O-U-0642,Shiv Nadar University,Gautam Buddha Nagar,Uttar Pradesh,48.12,95,Overall,107028283,1970710,4397638,253670952,156150555,109495699,0,12794497,15416499,1429619,3644713,0,235300286,62637384,53221959,1303526397,1140431291.0,918478941.0,554331196.0,577981459.0,524241298.0,27194914.0,15901847.0,6891142.0,1583,961,79,110,2544,189,810,53,1685,136,49,0,55,4,322,8,0,0,280,9,42,0,55,3
IR-O-I-1486,Sri Ramachandra Institute of Higher Education and Research,Chennai,Tamil Nadu,48.1,96,Overall,0,0,0,184601189,311840751,118292278,22334489,18408698,12780153,2341288,1622895,596348,180000000,0,0,3001907936,2501606869.0,2244295217.0,3318031386.0,2696417615.0,4383233553.0,61120782.0,19742740.0,16635385.0,2464,3780,761,1564,6244,2325,3685,1606,2319,660,240,59,333,167,2105,722,105,24,909,278,356,46,1068,541
IR-O-U-0003,Acharya Nagarjuna University,Guntur,Andhra Pradesh,47.73,97,Overall,19290000,18872800,19935500,218145000,213186500,199954350,26353000,26725000,23615000,15528350,17500500,14550000,39686000,31236500,29955350,1486069000,1259585500.0,1098955355.0,243741000.0,258535750.0,247354431.0,23286000.0,26572350.0,25566550.0,922,1112,1442,1751,2034,3193,1303,2463,628,594,103,136,909,1548,1125,1645,1938,3132,0,0,0,0,96,61
IR-O-U-0331,Tata Institute of Social Sciences,Mumbai,Maharashtra,47.56,98,Overall,7030010,10904612,10250449,21069332,11649957,20228930,0,0,0,0,0,316830,918498,3093486,10281413,2086872106,1404079421.0,1173160088.0,858749737.0,613079110.0,470479488.0,0.0,0.0,0.0,168,187,1279,1566,355,2845,45,646,308,2145,2,54,80,652,168,1411,77,564,10,236,9,107,152,1156
IR-O-U-0686,All India Institute of Medical Sciences Patna,Patna,Bihar,47.55,99,Overall,33674482,28735215,57598017,29350995,12521685,7205981,20964570,26237052,23153838,76000,7280,15000,349313000,203798086,492318993,2633735904,2040497883.0,1985084132.0,1740291097.0,1385342381.0,1169243058.0,5482092.0,4045612.0,173314.0,434,408,186,164,842,350,409,69,433,281,0,0,57,23,413,140,130,0,0,0,90,0,250,163
IR-O-U-0470,Periyar University,Salem,Tamil Nadu,47.43,100,Overall,7197392,6099861,5913277,7518390,22018427,16617124,10844677,8790492,4080424,669696,626791,0,10900051,93455164,3422428,399010582,338046208.0,332711907.0,52618441.0,130311596.0,124025439.0,6198715.0,3802887.0,3766325.0,177,219,620,1154,396,1774,390,1735,6,39,0,0,157,250,239,1485,239,1485,129,54,15,75,13,121
